{"time": [1677345900.0, 1677346200.0, 1677346500.0, 1677346800.0, 1677347100.0, 1677347400.0, 1677347700.0, 1677348000.0, 1677348300.0, 1677348600.0, 1677348900.0, 1677349200.0, 1677349500.0, 1677349800.0, 1677350100.0, 1677350400.0, 1677350700.0, 1677351000.0, 1677351300.0, 1677351600.0, 1677351900.0, 1677352200.0, 1677352500.0, 1677352800.0, 1677353100.0, 1677353400.0, 1677353700.0, 1677354000.0, 1677354300.0, 1677354600.0, 1677354900.0, 1677355200.0, 1677355500.0, 1677355800.0, 1677356100.0, 1677356400.0, 1677356700.0, 1677357000.0, 1677357300.0, 1677357600.0, 1677357900.0, 1677358200.0, 1677358500.0], "open": [23014.1, 23017.41, 23030.8, 23013.53, 23025.93, 23029.9, 23045.57, 23051.23, 23040.46, 23036.44, 23043.93, 23025.86, 23012.98, 23017.62, 22998.31, 22978.77, 23017.64, 22999.25, 23004.6, 22990.8, 22991.96, 23002.56, 23001.67, 22991.3, 22985.76, 22944.55, 22940.08, 22943.3, 22939.64, 22931.9, 22968.73, 22983.16, 22983.39, 22994.47, 22966.13, 22950.76, 22930.5, 22914.97, 22913.05, 22922.13, 22889.31, 22841.98, 22926.04], "high": [23022.54, 23039.58, 23030.8, 23027.87, 23028.5, 23039.48, 23048.17, 23052.86, 23040.46, 23045.87, 23043.93, 23025.86, 23025.93, 23017.62, 23002.05, 23029.38, 23025.22, 22999.27, 23012.59, 22994.47, 23013.63, 23015.4, 23011.35, 22992.61, 23001.38, 22947.1, 22948.97, 22955.65, 22942.0, 22956.4, 22982.4, 22990.18, 22990.8, 22994.47, 22968.34, 22950.76, 22940.78, 22932.94, 22930.28, 22922.13, 22894.51, 22940.53, 22926.04], "low": [23011.26, 23009.0, 23010.86, 23013.53, 23015.56, 23029.9, 23043.34, 23035.3, 23035.09, 23036.33, 23030.0, 23000.01, 23009.19, 22985.44, 22975.95, 22975.71, 22995.92, 22979.44, 22974.73, 22970.0, 22991.96, 22995.2, 22991.28, 22976.8, 22930.83, 22922.09, 22935.59, 22923.44, 22930.67, 22920.24, 22965.14, 22983.16, 22983.36, 22962.72, 22945.96, 22918.71, 22913.28, 22910.51, 22901.62, 22867.21, 22741.45, 22841.97, 22915.0], "close": [23020.59, 23039.58, 23014.19, 23027.87, 23027.09, 23039.48, 23047.71, 23038.13, 23035.09, 23045.87, 23030.0, 23014.56, 23015.54, 22996.07, 22978.06, 23017.64, 22995.92, 22979.44, 22987.33, 22991.96, 23001.12, 23004.96, 22991.28, 22985.92, 22940.93, 22936.37, 22939.61, 22941.81, 22931.91, 22956.4, 22982.4, 22990.18, 22990.8, 22967.81, 22951.84, 22925.79, 22913.28, 22915.81, 22930.28, 22888.8, 22829.07, 22915.29, 22917.37], "volume": [0.15057166, 0.48724152, 0.14347792, 0.14114914, 0.24744586, 0.25401939, 0.08459428, 2.12632711, 0.2393336, 0.49437817, 0.08076341, 0.51985342, 0.30945886, 3.41081395, 0.47213035, 0.53949021, 0.30224128, 0.28908375, 0.95880039, 1.3678748, 2.0610274, 0.32173158, 0.16539752, 0.13254573, 4.61312857, 0.80488759, 0.05430463, 0.17726867, 0.40168841, 3.41670187, 0.20193687, 6.705e-05, 0.17871908, 1.08617538, 0.21747902, 0.34494633, 0.41518421, 0.70190224, 1.17206873, 6.31319566, 26.44315077, 7.55171075, 2.94881281]}